{
  "cost_bps": 0.0,
  "net_return": -0.1431628275762461,
  "net_return_pct": -14.31628275762461,
  "sharpe_ratio": -0.3396820813877734,
  "max_drawdown": 0.4269910857821974,
  "max_drawdown_pct": 42.69910857821974,
  "win_rate": 0.5079365079365079,
  "profit_factor": 0.9477352567564226,
  "n_trading_days": 252,
  "final_equity": 85683.7172423754,
  "profitable": false
}